car flow,pedestrian count,direction
1.793125,0,entry
1.402577,0,exit
1.710866,5,entry
1.516922,5,exit
1.710866,5,entry
1.516922,5,exit
1.520684,10,entry
1.371001,10,exit
1.668478,15,entry
1.134573,15,exit
1.350043,20,entry
1.050757,20,exit
0.901894,35,entry
0.789706,35,exit
0.340342,160,entry
0.251126,155,exit
